<?xml version="1.0" encoding="UTF-8"?>
<themes root-folder="resources/themes">
  <onyx display-name="Onyx" system="true" hidden="true">
    <file>globalOnyx.css</file>
    <file>bootstrap/css/bootstrap-namespaced.css</file>
  </onyx>
  <myTheme display-name="myTheme" system="true">
    <file>globalmyTheme.css</file>
    <file>bootstrap/css/bootstrap-namespaced.css</file>
  </myTheme>
  <crystal display-name="Crystal" system="true">
    <file>globalCrystal.css</file>
    <file>bootstrap/css/bootstrap-namespaced.css</file>
  </crystal>
  <sapphire display-name="Sapphire" system="true">
    <file>globalSapphire.css</file>
    <file>bootstrap/css/bootstrap-namespaced.css</file>
  </sapphire>
  <slate display-name="Slate" system="true" hidden="true">
    <file>globalSlate.css</file>
  </slate>
  <native display-name="Native" system="true" hidden="true">
    <file>globalNative.css</file>
  </native>
  <sample1 system="true" hidden="true">
    <file>style1.css</file>
  </sample1>
  <replaceable system="true" hidden="true"> <!-- change this to false to enable the replaceable theme -->
    <file>replaceable.css</file>
  </replaceable>
</themes>
