<Schema name="Floormap_Data">
  <Dimension name="Date">
    <Hierarchy hasAll="true">
      <Table name="office_occupancy_data"/>
      <Level name="date" uniqueMembers="false" column="date" type="Date" formatter="org.pentaho.platform.plugin.action.mondrian.formatter.InlineMemberFormatter">
        <Annotations>
          <Annotation name="InlineMemberFormatString">dd/MM/yyyy</Annotation>
        </Annotations>
      </Level>
    </Hierarchy>
  </Dimension>
  <Dimension name="Sector">
    <Hierarchy hasAll="true">
      <Table name="office_occupancy_data"/>
      <Level name="Sector" uniqueMembers="false" column="sector" type="String">
        <Annotations>
          <Annotation name="description.en_US">Area of the Office</Annotation>
        </Annotations>
      </Level>
    </Hierarchy>
  </Dimension>
  <Dimension name="Time" type="TimeDimension">
    <Hierarchy hasAll="true">
      <Table name="office_occupancy_data"/>
      <Level name="Year" uniqueMembers="false" column="year" levelType="TimeYears" type="Numeric">
      </Level>
      <Level name="Quarter" uniqueMembers="false" column="quarter" levelType="TimeQuarters" type="Numeric">
      </Level>
      <Level name="Month" uniqueMembers="false" column="month_label" ordinalColumn="month" levelType="TimeMonths" type="String">
      </Level>
      <Level name="Day" uniqueMembers="false" column="day" levelType="TimeDays" type="Numeric">
      </Level>
    </Hierarchy>
  </Dimension>
  <Dimension name="isweekendnumber">
    <Hierarchy hasAll="true">
      <Table name="office_occupancy_data"/>
      <Level name="Is Weekend" uniqueMembers="false" column="is_weekend" type="Numeric" visible="false">
      </Level>
    </Hierarchy>
  </Dimension>
  <Dimension name="Day of Week">
    <Hierarchy hasAll="true">
      <Table name="office_occupancy_data"/>
      <Level name="Day of the week" uniqueMembers="false" column="day_of_week_label" type="String">
      </Level>
    </Hierarchy>
  </Dimension>
  <Dimension name="Is Weekend">
    <Hierarchy hasAll="true">
      <Table name="office_occupancy_data"/>
      <Level name="is Weekend" uniqueMembers="false" column="is_weekend_label" type="String">
      </Level>
    </Hierarchy>
  </Dimension>
  <Dimension name="Date_id">
    <Hierarchy hasAll="true">
      <Table name="office_occupancy_data"/>
      <Level name="date_id" uniqueMembers="false" column="date_id" type="Numeric" visible="false">
      </Level>
    </Hierarchy>
  </Dimension>
  <Cube name="Floormap_Data">
    <Table name="office_occupancy_data"/>
    <DimensionUsage name="Date" source="Date"/>
    <DimensionUsage name="Sector" source="Sector"/>
    <DimensionUsage name="Time" source="Time"/>
    <DimensionUsage name="isweekendnumber" source="isweekendnumber"/>
    <DimensionUsage name="Day of Week" source="Day of Week"/>
    <DimensionUsage name="Is Weekend" source="Is Weekend"/>
    <DimensionUsage name="Date_id" source="Date_id"/>
    <Measure name="Occupancy (%)" column="percentage" aggregator="avg"/>
  </Cube>
</Schema>